[{"model": "dev.user", "pk": 1, "fields": {"password": "pbkdf2_sha256$720000$3kThWJr92M2zLYpnhoB9AM$64KIY6eypaERplZnXP2LCoFcbcO+gEU0VV3J0iLcllM=", "last_login": "2024-05-26T09:29:33.654Z", "is_superuser": true, "username": "fkoome", "email": "", "is_staff": true, "is_active": true, "date_joined": "2023-12-26T09:04:17Z", "surname": "KOOME", "other_names": "FRANKLIN", "role": "lecturer", "groups": [], "user_permissions": []}}, {"model": "dev.user", "pk": 12, "fields": {"password": "pbkdf2_sha256$720000$h1Siio9GtGqhQKRY23LQYz$19RGbGM2mnZjb83G8HpjMT3T9MT+rfe7xAJnTtLu+ok=", "last_login": "2024-05-25T14:17:55.291Z", "is_superuser": false, "username": "DSNEVI_1234_24", "email": "", "is_staff": false, "is_active": true, "date_joined": "2024-05-25T14:17:14.648Z", "surname": "TEST", "other_names": "STUDENT ONE", "role": "student", "groups": [], "user_permissions": []}}, {"model": "dev.user", "pk": 15, "fields": {"password": "pbkdf2_sha256$720000$nKOie5aRbXRwNYHGToSryw$5QNdC5N9dwtAJUjnfDEGUpVSq4hbOh0XR71ZJ7NYodI=", "last_login": "2024-05-25T15:30:56.013Z", "is_superuser": false, "username": "ltest", "email": "", "is_staff": false, "is_active": true, "date_joined": "2024-05-25T15:21:40.338Z", "surname": "TEST", "other_names": "LECTURER ONE", "role": "lecturer", "groups": [], "user_permissions": []}}, {"model": "dev.user", "pk": 16, "fields": {"password": "pbkdf2_sha256$720000$liN2b6j8VtT1UK7wFaaVzF$1GNnbPyOpW2bwSWFMCfT7ZsN/PB2LN9X3cm5KWGV+BQ=", "last_login": null, "is_superuser": false, "username": "DSNEIE_234_24", "email": "", "is_staff": false, "is_active": true, "date_joined": "2024-05-25T20:29:39.436Z", "surname": "ONE", "other_names": "STUDENT TEST", "role": "student", "groups": [], "user_permissions": []}}, {"model": "dev.session", "pk": 3, "fields": {"period": 2, "mode": "DL"}}, {"model": "dev.session", "pk": 4, "fields": {"period": 2, "mode": "FT"}}, {"model": "dev.session", "pk": 5, "fields": {"period": 1, "mode": "DL"}}, {"model": "dev.session", "pk": 6, "fields": {"period": 1, "mode": "FT"}}, {"model": "dev.session", "pk": 7, "fields": {"period": 1, "mode": "CM"}}, {"model": "dev.student", "pk": "DSNEIE_234_24", "fields": {"user": 16, "year": "2024-05-29", "session": 4}}, {"model": "dev.student", "pk": "DSNEVI_1234_24", "fields": {"user": 12, "year": "2024-05-24", "session": 3}}, {"model": "dev.course", "pk": 9101, "fields": {"name": "Interdisciplinary", "session": 7}}, {"model": "dev.course", "pk": 9102, "fields": {"name": "Autism", "session": 4}}, {"model": "dev.course", "pk": 9103, "fields": {"name": "Deafblind", "session": 4}}, {"model": "dev.course", "pk": 9104, "fields": {"name": "Physical Disabilities", "session": 4}}, {"model": "dev.course", "pk": 9105, "fields": {"name": "Emotional and Behavioral Dificulties", "session": 4}}, {"model": "dev.course", "pk": 9106, "fields": {"name": "Visual Impairements", "session": 4}}, {"model": "dev.course", "pk": 9107, "fields": {"name": "Mentally Handicapped", "session": 4}}, {"model": "dev.course", "pk": 9108, "fields": {"name": "Hearing Impairment", "session": 4}}, {"model": "dev.course", "pk": 9109, "fields": {"name": "Gifted and Talented", "session": 4}}, {"model": "dev.course", "pk": 9110, "fields": {"name": "Inclusive Education", "session": 3}}, {"model": "dev.course", "pk": 9112, "fields": {"name": "Learning Disability", "session": 3}}, {"model": "dev.lecturer", "pk": 1, "fields": {"user": 1, "role": "HoD", "department": 9110}}, {"model": "dev.lecturer", "pk": 2, "fields": {"user": 15, "role": "Lecturer", "department": 9110}}, {"model": "dev.paper", "pk": "9101-101", "fields": {"name": "Introduction in SNE", "course": 9101}}, {"model": "dev.paper", "pk": "9101-102", "fields": {"name": "Psychology", "course": 9101}}, {"model": "dev.paper", "pk": "9101-103", "fields": {"name": "Curriculum  Issues in SNE", "course": 9101}}, {"model": "dev.paper", "pk": "9101-104", "fields": {"name": "Research and Rehabilitation", "course": 9101}}, {"model": "dev.paper", "pk": "9102-201", "fields": {"name": "Introduction to Autism", "course": 9102}}, {"model": "dev.paper", "pk": "9102-202", "fields": {"name": "Assessment and Intervention", "course": 9102}}, {"model": "dev.paper", "pk": "9102-203", "fields": {"name": "Curriculum Training Areas", "course": 9102}}, {"model": "dev.paper", "pk": "9102-204", "fields": {"name": "Management of Autism", "course": 9102}}, {"model": "dev.paper", "pk": "9103-201", "fields": {"name": "Introduction to deafblind", "course": 9103}}, {"model": "dev.paper", "pk": "9103-202", "fields": {"name": "Functional skills training for DB", "course": 9103}}, {"model": "dev.paper", "pk": "9103-203", "fields": {"name": "English Braille", "course": 9103}}, {"model": "dev.paper", "pk": "9103-204", "fields": {"name": "Kenyan Sign Language (KSL)", "course": 9103}}, {"model": "dev.paper", "pk": "9104-201", "fields": {"name": "Introduction to P.D", "course": 9104}}, {"model": "dev.paper", "pk": "9104-202", "fields": {"name": "Assessment and Methodology", "course": 9104}}, {"model": "dev.paper", "pk": "9104-203", "fields": {"name": "Adaptation and Rehabilitation", "course": 9104}}, {"model": "dev.paper", "pk": "9104-204", "fields": {"name": "Anatomy and Motor Deviations", "course": 9104}}, {"model": "dev.paper", "pk": "9106-201", "fields": {"name": "Introduction to Visual impairment", "course": 9106}}, {"model": "dev.paper", "pk": "9106-202", "fields": {"name": "Functional skills training", "course": 9106}}, {"model": "dev.paper", "pk": "9106-203", "fields": {"name": "Braille III", "course": 9106}}, {"model": "dev.paper", "pk": "9106-204", "fields": {"name": "Braille V", "course": 9106}}, {"model": "dev.paper", "pk": "9107-201", "fields": {"name": "Introduction to MH", "course": 9107}}, {"model": "dev.paper", "pk": "9107-202", "fields": {"name": "Physical and Perceptual Training", "course": 9107}}, {"model": "dev.paper", "pk": "9107-203", "fields": {"name": "Assessment Communication and ADL", "course": 9107}}, {"model": "dev.paper", "pk": "9107-204", "fields": {"name": "Intervention Measures", "course": 9107}}, {"model": "dev.paper", "pk": "9108-201", "fields": {"name": "Education of learners with HI", "course": 9108}}, {"model": "dev.paper", "pk": "9108-202", "fields": {"name": "Assessment and training learners with HI", "course": 9108}}, {"model": "dev.paper", "pk": "9108-203", "fields": {"name": "Methods of teaching learners with HI", "course": 9108}}, {"model": "dev.paper", "pk": "9108-204", "fields": {"name": "Kenyan Sign Language (KSL)", "course": 9108}}, {"model": "dev.paper", "pk": "9109-201", "fields": {"name": "Introduction to G&T children", "course": 9109}}, {"model": "dev.paper", "pk": "9109-202", "fields": {"name": "Assessment of G&T learners", "course": 9109}}, {"model": "dev.paper", "pk": "9109-203", "fields": {"name": "G&T implications on education", "course": 9109}}, {"model": "dev.paper", "pk": "9109-204", "fields": {"name": "Braille and sign language", "course": 9109}}, {"model": "dev.paper", "pk": "9110-104", "fields": {"name": "Kenya Sign Language (KSL)", "course": 9110}}, {"model": "dev.paper", "pk": "9110-201", "fields": {"name": "Inclusive Setting", "course": 9110}}, {"model": "dev.paper", "pk": "9110-202", "fields": {"name": "Remediation of LD", "course": 9110}}, {"model": "dev.paper", "pk": "9110-204", "fields": {"name": "English and Maths Braille", "course": 9110}}, {"model": "dev.paper", "pk": "9112-201", "fields": {"name": "Introduction to LD", "course": 9112}}, {"model": "dev.paper", "pk": "9112-202", "fields": {"name": "Implications and Placement", "course": 9112}}, {"model": "dev.paper", "pk": "9112-203", "fields": {"name": "Basic Academic Skills", "course": 9112}}, {"model": "dev.paper", "pk": "9112-204", "fields": {"name": "Assessment and Intervention", "course": 9112}}, {"model": "dev.teamleader", "pk": 1, "fields": {"lecturer": 1, "department": 9110}}, {"model": "dev.specialization", "pk": 9, "fields": {"student": "DSNEVI_1234_24", "course": 9110}}, {"model": "dev.specialization", "pk": 10, "fields": {"student": "DSNEIE_234_24", "course": 9110}}, {"model": "dev.module", "pk": "AUT001", "fields": {"name": "Introduction to Autism Spectrum Disorders", "paper": "9102-201"}}, {"model": "dev.module", "pk": "AUT002", "fields": {"name": "Historical development of the Education of Person with Autism", "paper": "9102-201"}}, {"model": "dev.module", "pk": "AUT003", "fields": {"name": "Neurology and its Relevance to Autism", "paper": "9102-201"}}, {"model": "dev.module", "pk": "AUT004", "fields": {"name": "Introduction to Psychological Disorders", "paper": "9102-201"}}, {"model": "dev.module", "pk": "AUT005", "fields": {"name": "Functional Assessment of Learners with Autism", "paper": "9102-202"}}, {"model": "dev.module", "pk": "AUT006", "fields": {"name": "Communication and Social Skills for Persons with Autism", "paper": "9102-202"}}, {"model": "dev.module", "pk": "AUT007", "fields": {"name": "Habilitation and Rehabilitation for Learners with autism", "paper": "9102-202"}}, {"model": "dev.module", "pk": "AUT008", "fields": {"name": "Speech training for Learners with Autism", "paper": "9102-202"}}, {"model": "dev.module", "pk": "AUT009", "fields": {"name": "Perceptual Training for learners with Autism", "paper": "9102-203"}}, {"model": "dev.module", "pk": "AUT010", "fields": {"name": "Adapted Physical Education, Sports and Recreational Activities  for Persons with Autism", "paper": "9102-203"}}, {"model": "dev.module", "pk": "AUT011", "fields": {"name": "Activities of Daily Living Skills", "paper": "9102-203"}}, {"model": "dev.module", "pk": "AUT012", "fields": {"name": "Pre-vocational and Vocational training for Persons with Autism Spectrum Disorders", "paper": "9102-203"}}, {"model": "dev.module", "pk": "AUT013", "fields": {"name": "Management of Autism I & 2", "paper": "9102-204"}}, {"model": "dev.module", "pk": "AUT014", "fields": {"name": "Psychosocial Aspects of Learners with Autism Spectrum Disorders", "paper": "9102-204"}}, {"model": "dev.module", "pk": "AUT015", "fields": {"name": "Management of EBD", "paper": "9102-204"}}, {"model": "dev.module", "pk": "AUT016", "fields": {"name": "Strategies for Teaching Learners with Autism I & II", "paper": "9102-204"}}, {"model": "dev.module", "pk": "DB001", "fields": {"name": "Historical development of education and services for learners who are deafblind", "paper": "9103-201"}}, {"model": "dev.module", "pk": "DB002", "fields": {"name": "Introduction to learners who are deafblind", "paper": "9103-201"}}, {"model": "dev.module", "pk": "DB003", "fields": {"name": "Anatomy, Physiology and pathology of visual systems", "paper": "9103-201"}}, {"model": "dev.module", "pk": "DB004", "fields": {"name": "Introduction to communication skills for learners who are deafblind", "paper": "9103-201"}}, {"model": "dev.module", "pk": "DB005", "fields": {"name": "Psychosocial aspects of Learners who are DeafBlind", "paper": "9103-201"}}, {"model": "dev.module", "pk": "DB006", "fields": {"name": "Anatomy Physiology and pathology of Auditory Systems", "paper": "9103-201"}}, {"model": "dev.module", "pk": "DB007", "fields": {"name": "Functional assessment and interventional measures of learners who are deafblind", "paper": "9103-201"}}, {"model": "dev.module", "pk": "DB008", "fields": {"name": "Activities of daily living", "paper": "9103-202"}}, {"model": "dev.module", "pk": "DB009", "fields": {"name": "Orientation and mobility", "paper": "9103-202"}}, {"model": "dev.module", "pk": "DB010", "fields": {"name": "Adapted P.E, sports and recreational activities for learners who are deafblind.", "paper": "9103-202"}}, {"model": "dev.module", "pk": "DB011", "fields": {"name": "Instructional strategies for learners who are deafblind", "paper": "9103-202"}}, {"model": "dev.module", "pk": "DB012", "fields": {"name": "Pre-vocational and vocational training for learners who are deafblind", "paper": "9103-202"}}, {"model": "dev.module", "pk": "DB013", "fields": {"name": "Low Vision Technique 1", "paper": "9103-202"}}, {"model": "dev.module", "pk": "DB014", "fields": {"name": "Perceptual training for learners who are deafblind", "paper": "9109-204"}}, {"model": "dev.module", "pk": "DB015", "fields": {"name": "Basic English Braille", "paper": "9103-203"}}, {"model": "dev.module", "pk": "DB016", "fields": {"name": "Introduction to Research", "paper": "9103-203"}}, {"model": "dev.module", "pk": "DB017", "fields": {"name": "Basic English Braille", "paper": "9103-203"}}, {"model": "dev.module", "pk": "DB018", "fields": {"name": "Elementary KSL for learners who are DB.", "paper": "9103-204"}}, {"model": "dev.module", "pk": "DB019", "fields": {"name": "Introduction to KSL interpreting for learners  who are Deafblind", "paper": "9103-204"}}, {"model": "dev.module", "pk": "DB020", "fields": {"name": "Intermediate KSL for learners who are Deafblind", "paper": "9103-204"}}, {"model": "dev.module", "pk": "GT001", "fields": {"name": "Introduction to children who are gifted and talented.", "paper": "9109-201"}}, {"model": "dev.module", "pk": "GT002", "fields": {"name": "Historical developmentof education of children who are gifted and talented.", "paper": "9109-201"}}, {"model": "dev.module", "pk": "GT003", "fields": {"name": "Educational programs and support services for learners who are G&T", "paper": "9109-201"}}, {"model": "dev.module", "pk": "GT004", "fields": {"name": "Neglected groups of gifted and talented.", "paper": "9109-201"}}, {"model": "dev.module", "pk": "GT005", "fields": {"name": "Gifted and talented children with disabilities.", "paper": "9109-201"}}, {"model": "dev.module", "pk": "GT006", "fields": {"name": "Assessment of gigted and talented learners.", "paper": "9109-202"}}, {"model": "dev.module", "pk": "GT007", "fields": {"name": "Theories and measurement of intelligence.", "paper": "9109-202"}}, {"model": "dev.module", "pk": "GT008", "fields": {"name": "LD: classification and characteristics of learners with LD.", "paper": "9109-202"}}, {"model": "dev.module", "pk": "GT009", "fields": {"name": "Learning disabilities (LD): causes, contributing factors and prevention.", "paper": "9109-202"}}, {"model": "dev.module", "pk": "GT010", "fields": {"name": "Introduction to emotional and behavioral difficulties.", "paper": "9109-202"}}, {"model": "dev.module", "pk": "GT011", "fields": {"name": "Management of G&T learners", "paper": "9109-202"}}, {"model": "dev.module", "pk": "GT012", "fields": {"name": "Psychosocial and educational implications of giftedness.", "paper": "9109-203"}}, {"model": "dev.module", "pk": "GT013", "fields": {"name": "Introduction to psychological disorders", "paper": "9109-203"}}, {"model": "dev.module", "pk": "GT014", "fields": {"name": "Drug and substance abuse.", "paper": "9109-203"}}, {"model": "dev.module", "pk": "GT015", "fields": {"name": "Stress and stress management.", "paper": "9109-203"}}, {"model": "dev.module", "pk": "GT016", "fields": {"name": "Guidance and counselling for the gifted and talented children.", "paper": "9109-203"}}, {"model": "dev.module", "pk": "GT017", "fields": {"name": "Elementary kenyan sign language.", "paper": "9109-204"}}, {"model": "dev.module", "pk": "GT018", "fields": {"name": "Basic English Braille", "paper": "9109-204"}}, {"model": "dev.module", "pk": "GT019", "fields": {"name": "Bralle III (Mathematics Braille)", "paper": "9109-204"}}, {"model": "dev.module", "pk": "HI001", "fields": {"name": "Introduction to learners with HI", "paper": "9108-201"}}, {"model": "dev.module", "pk": "HI002", "fields": {"name": "Historical development of Learners With HI", "paper": "9108-201"}}, {"model": "dev.module", "pk": "HI003", "fields": {"name": "Anatomy, Physiology and pathology of the auditory system", "paper": "9108-201"}}, {"model": "dev.module", "pk": "HI004", "fields": {"name": "Psychosocial aspects of HI", "paper": "9108-201"}}, {"model": "dev.module", "pk": "HI005", "fields": {"name": "Introduction to educational audiology", "paper": "9108-201"}}, {"model": "dev.module", "pk": "HI006", "fields": {"name": "Speech and language development", "paper": "9108-202"}}, {"model": "dev.module", "pk": "HI007", "fields": {"name": "Introduction to phonetics and phonology", "paper": "9108-202"}}, {"model": "dev.module", "pk": "HI008", "fields": {"name": "Auditory Training", "paper": "9108-202"}}, {"model": "dev.module", "pk": "HI009", "fields": {"name": "Speech Training", "paper": "9108-202"}}, {"model": "dev.module", "pk": "HI010", "fields": {"name": "Functional assessment of learners with HI", "paper": "9108-202"}}, {"model": "dev.module", "pk": "HI011", "fields": {"name": "Signed English", "paper": "9108-203"}}, {"model": "dev.module", "pk": "HI012", "fields": {"name": "Methods of teaching other academic subjects for HI", "paper": "9108-203"}}, {"model": "dev.module", "pk": "HI013", "fields": {"name": "Adapted PE, sports and recreational activities for HI learners", "paper": "9108-203"}}, {"model": "dev.module", "pk": "HI014", "fields": {"name": "Methods of teaching language and other aspects of communication", "paper": "9108-203"}}, {"model": "dev.module", "pk": "HI015", "fields": {"name": "Methods of Teaching other academic subjects for HI", "paper": "9108-203"}}, {"model": "dev.module", "pk": "HI016", "fields": {"name": "Elementary KSL interpretation", "paper": "9108-203"}}, {"model": "dev.module", "pk": "HI017", "fields": {"name": "Intermediate KSL interpreting", "paper": "9108-203"}}, {"model": "dev.module", "pk": "HI018", "fields": {"name": "Elementary KSL.", "paper": "9108-204"}}, {"model": "dev.module", "pk": "HI019", "fields": {"name": "Intermediate KSL", "paper": "9108-204"}}, {"model": "dev.module", "pk": "HI020", "fields": {"name": "Intermediate KSL", "paper": "9108-204"}}, {"model": "dev.module", "pk": "HI021", "fields": {"name": "Advanced KSL", "paper": "9108-204"}}, {"model": "dev.module", "pk": "ID 001", "fields": {"name": "Introduction to Children with Special Needs", "paper": "9101-101"}}, {"model": "dev.module", "pk": "ID 002", "fields": {"name": "Child Growth and Development", "paper": "9101-102"}}, {"model": "dev.module", "pk": "ID 003", "fields": {"name": "Introduction to Guidance and Counseling", "paper": "9101-102"}}, {"model": "dev.module", "pk": "ID 004", "fields": {"name": "Introduction to Educational Resources – Part I (Theory)", "paper": "9101-103"}}, {"model": "dev.module", "pk": "ID 005", "fields": {"name": "Introduction to Educational Psychology", "paper": "9101-102"}}, {"model": "dev.module", "pk": "ID 006", "fields": {"name": "Management of Special Needs Education Programmes", "paper": "9101-101"}}, {"model": "dev.module", "pk": "ID 007", "fields": {"name": "In production to Early Childhood Care Development and Education", "paper": "9101-101"}}, {"model": "dev.module", "pk": "ID 008", "fields": {"name": "Introduction to Community Based Rehabilitation", "paper": "9101-104"}}, {"model": "dev.module", "pk": "ID 009", "fields": {"name": "Library and Study Skills", "paper": "9101-103"}}, {"model": "dev.module", "pk": "ID 010", "fields": {"name": "Introduction to Inclusive Education", "paper": "9101-101"}}, {"model": "dev.module", "pk": "ID 011", "fields": {"name": "Behaviour Management", "paper": "9101-102"}}, {"model": "dev.module", "pk": "ID 012", "fields": {"name": "Introduction to Educational Research", "paper": "9101-104"}}, {"model": "dev.module", "pk": "ID 013", "fields": {"name": "Introduction to Special Needs Assessment and Early Intervention", "paper": "9101-104"}}, {"model": "dev.module", "pk": "ID 014", "fields": {"name": "Curriculum Development and Adaptation", "paper": "9101-103"}}, {"model": "dev.module", "pk": "ID 016", "fields": {"name": "Teaching and Learning Strategies for learner with Special Needs", "paper": "9101-103"}}, {"model": "dev.module", "pk": "ID 017", "fields": {"name": "Introduction to First Aid", "paper": "9101-104"}}, {"model": "dev.module", "pk": "ID 018", "fields": {"name": "Introduction to Contemporary Issues Affecting Education", "paper": "9101-103"}}, {"model": "dev.module", "pk": "IE 021", "fields": {"name": "Basic English Braille", "paper": "9110-204"}}, {"model": "dev.module", "pk": "IE 022", "fields": {"name": "Introduction to Low Vision", "paper": "9110-201"}}, {"model": "dev.module", "pk": "IE 023", "fields": {"name": "Environmental Design and Educational Resources for Learners with Physical Disabilities, Chronic Health Impairment and Multiple Disabilities", "paper": "9110-201"}}, {"model": "dev.module", "pk": "IE 024", "fields": {"name": "Elementary Kenyan Sign Language", "paper": "9110-104"}}, {"model": "dev.module", "pk": "IE 025", "fields": {"name": "Introduction to Audiology", "paper": "9110-201"}}, {"model": "dev.module", "pk": "IE 026", "fields": {"name": "Strategies and Methods of teaching learners who are MH", "paper": "9110-202"}}, {"model": "dev.module", "pk": "IE 027", "fields": {"name": "Psychosocial Aspects of Disability", "paper": "9110-201"}}, {"model": "dev.module", "pk": "IE 028", "fields": {"name": "Advanced English Braille", "paper": "9110-204"}}, {"model": "dev.module", "pk": "IE 029", "fields": {"name": "Management of Education of Gifted and Talented Learners", "paper": "9110-201"}}, {"model": "dev.module", "pk": "IE 030", "fields": {"name": "Intermediate Kenyan Sign Language", "paper": "9110-104"}}, {"model": "dev.module", "pk": "IE 031", "fields": {"name": "Adapted PE for Learners with Special Needs", "paper": "9110-201"}}, {"model": "dev.module", "pk": "IE 032", "fields": {"name": "advanced Kenyan Sign Language", "paper": "9110-104"}}, {"model": "dev.module", "pk": "IE 033", "fields": {"name": "Mathematics Braille", "paper": "9110-204"}}, {"model": "dev.module", "pk": "IE 034", "fields": {"name": "Management of Emotional and Behavioural Difficulties", "paper": "9110-201"}}, {"model": "dev.module", "pk": "IE LD 026", "fields": {"name": "Written Language, Written Expressions, Spelling and Handwriting", "paper": "9110-202"}}, {"model": "dev.module", "pk": "IE LD 029", "fields": {"name": "Reading Difficulties", "paper": "9110-202"}}, {"model": "dev.module", "pk": "IE LD 030", "fields": {"name": "Mathematics and Mathematics Difficulties", "paper": "9110-202"}}, {"model": "dev.module", "pk": "IE LD 035", "fields": {"name": "Remedial techniques and Instructional Materials for learners with Learning Difficulties", "paper": "9110-202"}}, {"model": "dev.module", "pk": "LD 020", "fields": {"name": "LD Classification and Characteristics of Learners with LD", "paper": "9112-201"}}, {"model": "dev.module", "pk": "LD 021", "fields": {"name": "Overview of Learning Disabilities, Discipline servicing LD and Historical Perspective", "paper": "9112-201"}}, {"model": "dev.module", "pk": "LD 022", "fields": {"name": "Anatomy, Physiology, Neurology of Central Nervous System and its relation to LD", "paper": "9112-201"}}, {"model": "dev.module", "pk": "LD 023", "fields": {"name": "Theories of Learning Implications of LD", "paper": "9112-202"}}, {"model": "dev.module", "pk": "LD 024", "fields": {"name": "LD causes, contributing factors and prevention", "paper": "9112-201"}}, {"model": "dev.module", "pk": "LD 025", "fields": {"name": "Psychosocial and Emotional Aspects of Learners with LD", "paper": "9112-202"}}, {"model": "dev.module", "pk": "LD 026", "fields": {"name": "Written language, written Expression, spellings and Handwritting", "paper": "9112-203"}}, {"model": "dev.module", "pk": "LD 027", "fields": {"name": "Reading and Reading Acquisition", "paper": "9112-203"}}, {"model": "dev.module", "pk": "LD 028", "fields": {"name": "Assessment and IEP", "paper": "9112-204"}}, {"model": "dev.module", "pk": "LD 029", "fields": {"name": "Reading Difficulties", "paper": "9112-203"}}, {"model": "dev.module", "pk": "LD 030", "fields": {"name": "Maths and Maths Difficulties", "paper": "9112-203"}}, {"model": "dev.module", "pk": "LD 031", "fields": {"name": "Language Development and Language Difficulties", "paper": "9112-203"}}, {"model": "dev.module", "pk": "LD 032", "fields": {"name": "Curriculum and General Teaching Strategies for LD", "paper": "9112-204"}}, {"model": "dev.module", "pk": "LD 033", "fields": {"name": "Young Children with LD", "paper": "9112-202"}}, {"model": "dev.module", "pk": "LD 034", "fields": {"name": "perceptual training and physical activities for learners with LD", "paper": "9112-204"}}, {"model": "dev.module", "pk": "LD 035", "fields": {"name": "Remedial Techniques and instructional materials", "paper": "9112-204"}}, {"model": "dev.module", "pk": "LD 036", "fields": {"name": "Systems of Delivering Educational Services to Persons with LD", "paper": "9112-202"}}, {"model": "dev.module", "pk": "MH001", "fields": {"name": "Introduction to the Education of Learners who are Mentally Handicapped", "paper": "9107-201"}}, {"model": "dev.module", "pk": "MH002", "fields": {"name": "Historical Development of Education of Learners who are Mentally Handicapped", "paper": "9107-201"}}, {"model": "dev.module", "pk": "MH003", "fields": {"name": "Neurology and Its Relevance to Mental Handicap I", "paper": "9107-201"}}, {"model": "dev.module", "pk": "MH004", "fields": {"name": "Neurology and its Relevance to Mental Handicap II", "paper": "9107-201"}}, {"model": "dev.module", "pk": "MH005", "fields": {"name": "Psychosocial Aspect of Learners who are Mentally Handicapped", "paper": "9107-201"}}, {"model": "dev.module", "pk": "MH007", "fields": {"name": "Physical Education and Recreational Activities for Learners who are Mentally Handicapped I", "paper": "9107-202"}}, {"model": "dev.module", "pk": "MH008", "fields": {"name": "Physical Education and Recreational Activities for Learners who are Mentally Handicapped II", "paper": "9107-202"}}, {"model": "dev.module", "pk": "MH009", "fields": {"name": "Habilitation and Rehabilitation of the Mentally Handicapped Learners who have Motor Disabilities", "paper": "9107-202"}}, {"model": "dev.module", "pk": "MH010", "fields": {"name": "Activities of Daily Living Skills for Learners who are Mentally Handicapped", "paper": "9107-203"}}, {"model": "dev.module", "pk": "MH011", "fields": {"name": "Communication Skills for Learners who are Mentally Handicapped", "paper": "9107-203"}}, {"model": "dev.module", "pk": "MH012", "fields": {"name": "Functional Assessment for Children who are Mentally Handicapped", "paper": "9107-203"}}, {"model": "dev.module", "pk": "MH013", "fields": {"name": "Speech Training for Learners who are Mentally Handicapped", "paper": "9107-203"}}, {"model": "dev.module", "pk": "MH014", "fields": {"name": "Teaching Pre-Vocational and Vocational Skills to Learners who are Mentally Handicapped I", "paper": "9107-204"}}, {"model": "dev.module", "pk": "MH015", "fields": {"name": "Behaviour Modification for Learners who are Mentally Handicapped", "paper": "9107-204"}}, {"model": "dev.module", "pk": "MH016", "fields": {"name": "Teaching Pre-Vocational and Vocational Skills to Learners who are Mentally Handicapped II", "paper": "9107-204"}}, {"model": "dev.module", "pk": "MH017", "fields": {"name": "Strategies and Methods of Teaching Learners who are Mentally Handicapped", "paper": "9107-204"}}, {"model": "dev.module", "pk": "MHOO6", "fields": {"name": "Perceptual Training for Learners who are Mentally Handicapped", "paper": "9107-202"}}, {"model": "dev.module", "pk": "PD001", "fields": {"name": "Physical disabilities, Neurological and chronic health impairments", "paper": "9104-201"}}, {"model": "dev.module", "pk": "PD002", "fields": {"name": "Historical development and education of persons with P.D.", "paper": "9104-201"}}, {"model": "dev.module", "pk": "PD003", "fields": {"name": "Education of learners with Cerebral Palsy", "paper": "9104-201"}}, {"model": "dev.module", "pk": "PD004", "fields": {"name": "Education of learners Multiple Disabilities", "paper": "9104-201"}}, {"model": "dev.module", "pk": "PD005", "fields": {"name": "Functional Assessment of children with P.D.", "paper": "9104-202"}}, {"model": "dev.module", "pk": "PD006", "fields": {"name": "Communication techniques for learners with P.D.", "paper": "9104-202"}}, {"model": "dev.module", "pk": "PD007", "fields": {"name": "Theories and Methods of teaching children with P.D.", "paper": "9104-202"}}, {"model": "dev.module", "pk": "PD008", "fields": {"name": "Psychosocial Implications of Physical Disabilities", "paper": "9104-202"}}, {"model": "dev.module", "pk": "PD009", "fields": {"name": "Adapted Physical Education", "paper": "9104-203"}}, {"model": "dev.module", "pk": "PD010", "fields": {"name": "Habilitation and Rehabilitation (Physiotherapy)", "paper": "9104-203"}}, {"model": "dev.module", "pk": "PD011", "fields": {"name": "Environmental Design  and educational resources", "paper": "9104-203"}}, {"model": "dev.module", "pk": "PD012", "fields": {"name": "Habilitation  and Rehabilitation  (Occupational Therapy)", "paper": "9104-203"}}, {"model": "dev.module", "pk": "PD013", "fields": {"name": "Development and Independent living skills for learners with P.D.", "paper": "9104-204"}}, {"model": "dev.module", "pk": "PD014", "fields": {"name": "Human anatomy, physiology and neurology I", "paper": "9104-204"}}, {"model": "dev.module", "pk": "PD015", "fields": {"name": "Anatomy, Physiology and neurology II", "paper": "9104-204"}}, {"model": "dev.module", "pk": "VI001", "fields": {"name": "Introduction to children with Visual impairment", "paper": "9106-201"}}, {"model": "dev.module", "pk": "VI002", "fields": {"name": "Historical development of learners with visual impairment", "paper": "9106-201"}}, {"model": "dev.module", "pk": "VI003", "fields": {"name": "Anatomy physiology and pathology of the visual system", "paper": "9106-201"}}, {"model": "dev.module", "pk": "VI004", "fields": {"name": "Psychosocial implication of visual impairment", "paper": "9106-201"}}, {"model": "dev.module", "pk": "VI005", "fields": {"name": "Methods of teaching learners with visual impairments", "paper": "9106-201"}}, {"model": "dev.module", "pk": "VI006", "fields": {"name": "Methods of teaching reading and writing Braille to children with visual impairment", "paper": "9106-201"}}, {"model": "dev.module", "pk": "VI007", "fields": {"name": "Activities of Daily living(ADL)", "paper": "9106-202"}}, {"model": "dev.module", "pk": "VI008", "fields": {"name": "Orientation and Mobility", "paper": "9106-202"}}, {"model": "dev.module", "pk": "VI009", "fields": {"name": "Adapted Physical Education, sports and recreational activities (APE)", "paper": "9106-202"}}, {"model": "dev.module", "pk": "VI010", "fields": {"name": "Low vision Techniques I", "paper": "9106-202"}}, {"model": "dev.module", "pk": "VI011", "fields": {"name": "Low vision Techniques II", "paper": "9106-202"}}, {"model": "dev.module", "pk": "VI012", "fields": {"name": "Basic English Braille", "paper": "9106-203"}}, {"model": "dev.module", "pk": "VI013", "fields": {"name": "Maths Braille Adaptation", "paper": "9106-203"}}, {"model": "dev.module", "pk": "VI014", "fields": {"name": "Advance English Braille", "paper": "9106-203"}}, {"model": "dev.module", "pk": "VI015", "fields": {"name": "Music Braille", "paper": "9106-204"}}, {"model": "dev.module", "pk": "VI016", "fields": {"name": "Kiswahili Braille", "paper": "9106-204"}}, {"model": "dev.catcombination", "pk": 4, "fields": {"paper": "9112-201", "cat1": ["LD 024", "LD 021"], "cat2": ["LD 022", "LD 020"]}}, {"model": "dev.catcombination", "pk": 5, "fields": {"paper": "9112-202", "cat1": ["LD 023", "LD 033"], "cat2": ["LD 025", "LD 036"]}}, {"model": "dev.catcombination", "pk": 6, "fields": {"paper": "9112-203", "cat1": ["LD 031", "LD 027", "LD 029"], "cat2": ["LD 030", "LD 026"]}}, {"model": "dev.catcombination", "pk": 7, "fields": {"paper": "9112-204", "cat1": ["LD 032", "LD 028"], "cat2": ["LD 034", "LD 035"]}}, {"model": "dev.catcombination", "pk": 8, "fields": {"paper": "9110-201", "cat1": ["IE 027", "IE 023", "IE 022", "IE 025"], "cat2": ["IE 034", "IE 029", "IE 031"]}}, {"model": "dev.catcombination", "pk": 9, "fields": {"paper": "9110-202", "cat1": ["IE LD 029", "IE LD 026"], "cat2": ["IE LD 030", "IE 026", "IE LD 035"]}}, {"model": "dev.catcombination", "pk": 10, "fields": {"paper": "9110-204", "cat1": ["IE 021", "IE 033"], "cat2": ["IE 028"]}}, {"model": "dev.catcombination", "pk": 11, "fields": {"paper": "9110-104", "cat1": ["IE 024"], "cat2": ["IE 030", "IE 032"]}}, {"model": "dev.catcombination", "pk": 12, "fields": {"paper": "9101-101", "cat1": ["ID 001", "ID 007"], "cat2": ["ID 006", "ID 010"]}}, {"model": "dev.catcombination", "pk": 13, "fields": {"paper": "9101-102", "cat1": ["ID 002", "ID 003"], "cat2": ["ID 005", "ID 011"]}}, {"model": "dev.catcombination", "pk": 14, "fields": {"paper": "9101-103", "cat1": ["ID 018", "ID 009"], "cat2": ["ID 014", "ID 016", "ID 004"]}}, {"model": "dev.catcombination", "pk": 17, "fields": {"paper": "9102-201", "cat1": ["AUT001", "AUT002"], "cat2": ["AUT003", "AUT004"]}}, {"model": "dev.catcombination", "pk": 18, "fields": {"paper": "9102-202", "cat1": ["AUT005", "AUT006"], "cat2": ["AUT007", "AUT008"]}}, {"model": "dev.catcombination", "pk": 19, "fields": {"paper": "9102-203", "cat1": ["AUT009", "AUT010"], "cat2": ["AUT011", "AUT012"]}}, {"model": "dev.catcombination", "pk": 20, "fields": {"paper": "9102-204", "cat1": ["AUT013", "AUT014"], "cat2": ["AUT015", "AUT016"]}}, {"model": "dev.catcombination", "pk": 21, "fields": {"paper": "9103-201", "cat1": ["DB001", "DB002", "DB003", "DB004"], "cat2": ["DB005", "DB006", "DB007"]}}, {"model": "dev.catcombination", "pk": 22, "fields": {"paper": "9103-202", "cat1": ["DB008", "DB009", "DB010"], "cat2": ["DB011", "DB012", "DB013", "DB014"]}}, {"model": "dev.catcombination", "pk": 23, "fields": {"paper": "9103-203", "cat1": ["DB015", "DB016"], "cat2": ["DB017"]}}, {"model": "dev.catcombination", "pk": 24, "fields": {"paper": "9103-204", "cat1": ["DB018"], "cat2": ["DB019", "DB020"]}}, {"model": "dev.catcombination", "pk": 25, "fields": {"paper": "9109-201", "cat1": ["GT001", "GT002", "GT003"], "cat2": ["GT004", "GT005"]}}, {"model": "dev.catcombination", "pk": 26, "fields": {"paper": "9109-202", "cat1": ["GT006", "GT007", "GT008"], "cat2": ["GT009", "GT010", "GT011"]}}, {"model": "dev.catcombination", "pk": 27, "fields": {"paper": "9109-203", "cat1": ["GT012", "GT013", "GT014"], "cat2": ["GT015", "GT016"]}}, {"model": "dev.catcombination", "pk": 28, "fields": {"paper": "9109-204", "cat1": ["GT017", "GT018"], "cat2": ["GT019"]}}, {"model": "dev.catcombination", "pk": 29, "fields": {"paper": "9108-201", "cat1": ["HI001", "HI002", "HI003"], "cat2": ["HI004", "HI005"]}}, {"model": "dev.catcombination", "pk": 30, "fields": {"paper": "9108-202", "cat1": ["HI006", "HI007", "HI008"], "cat2": ["HI009", "HI010"]}}, {"model": "dev.catcombination", "pk": 31, "fields": {"paper": "9108-203", "cat1": ["HI011", "HI012", "HI013"], "cat2": ["HI014", "HI015", "HI016", "HI017"]}}, {"model": "dev.catcombination", "pk": 32, "fields": {"paper": "9108-204", "cat1": ["HI018", "HI019"], "cat2": ["HI020", "HI021"]}}, {"model": "dev.catcombination", "pk": 34, "fields": {"paper": "9107-201", "cat1": ["MH001", "MH002", "MH003"], "cat2": ["MH004", "MH005"]}}, {"model": "dev.catcombination", "pk": 35, "fields": {"paper": "9107-202", "cat1": ["MH007", "MHOO6"], "cat2": ["MH008", "MH009"]}}, {"model": "dev.catcombination", "pk": 36, "fields": {"paper": "9106-201", "cat1": ["VI003", "VI001", "VI002"], "cat2": ["VI004", "VI005", "VI006"]}}, {"model": "dev.catcombination", "pk": 37, "fields": {"paper": "9106-202", "cat1": ["VI007", "VI008"], "cat2": ["VI009", "VI010", "VI011"]}}, {"model": "dev.catcombination", "pk": 38, "fields": {"paper": "9106-203", "cat1": ["VI013", "VI012"], "cat2": ["VI014"]}}, {"model": "dev.catcombination", "pk": 39, "fields": {"paper": "9106-204", "cat1": ["VI015"], "cat2": ["VI016"]}}, {"model": "dev.catcombination", "pk": 40, "fields": {"paper": "9104-201", "cat1": ["PD001", "PD002"], "cat2": ["PD004", "PD003"]}}, {"model": "dev.catcombination", "pk": 41, "fields": {"paper": "9104-202", "cat1": ["PD006", "PD005"], "cat2": ["PD008", "PD007"]}}, {"model": "dev.catcombination", "pk": 42, "fields": {"paper": "9104-203", "cat1": ["PD010", "PD009"], "cat2": ["PD011", "PD012"]}}, {"model": "dev.catcombination", "pk": 43, "fields": {"paper": "9104-204", "cat1": ["PD014", "PD013"], "cat2": ["PD015"]}}, {"model": "dev.catcombination", "pk": 44, "fields": {"paper": "9107-203", "cat1": ["MH010", "MH011"], "cat2": ["MH013", "MH012"]}}, {"model": "dev.catcombination", "pk": 45, "fields": {"paper": "9107-204", "cat1": ["MH015", "MH014"], "cat2": ["MH017", "MH016"]}}, {"model": "dev.catcombination", "pk": 46, "fields": {"paper": "9101-104", "cat1": ["ID 012", "ID 017"], "cat2": ["ID 008", "ID 013"]}}]